Creation,MergeTime,id,isPr,N. of Comments,Closed,N. Labels,author, labelStatus, lastUpdateTime, milestoneTitle
1459787614,NA,13921,1,31,0,5,lgray,NNNNNNPNNNNNNNNAN,1467981566,Next CMSSW_8_1_X
1459792054,1460622056,13922,1,12,1,5,mbandrews,NNNNNANNNNNNNNNAN,1462441836,Next CMSSW_8_0_X
1459795112,1460657746,13923,1,47,1,9,boudoul,NNNNNNNNNPNPPPPPN,1460964547,Next CMSSW_8_1_X
1459796465,1460316155,13924,0,10,1,2,davidlt,NNNNNNNNNNNNNPNNN,1460316155,-
1459796701,1459864648,13925,0,33,1,9,davidlange6,NNNNNNNNNNNNNNNNN,1459873561,-
1459797793,1461127199,13926,1,36,1,6,lathomas,NPNNNNNNNNNNNANRN,1461140862,Next CMSSW_8_1_X
1459834404,1459934297,13927,1,7,1,5,davidlt,NNNNNANNNNNNNNNAN,1459934463,Next CMSSW_8_1_X
1459835030,1460655100,13928,1,15,1,5,davidlt,NNNNNNNNNNNNNANRN,1460655100,Next CMSSW_8_1_X
1459835499,1459933435,13929,1,8,1,5,zc11,NNNNNANNNNNNNNNAN,1459933435,Next CMSSW_8_1_X
1459853570,1464184355,13930,1,55,1,5,clint-richardson,NNNNNANNNNNNNNNAN,1464184356,Next CMSSW_8_1_X
1459855874,1459933423,13931,1,9,1,5,drankincms,NNNNNANNNNNNNNNAN,1459933424,Next CMSSW_8_1_X
1459856767,1461649513,13932,1,14,1,5,olivito,NNNNNANNNNNNNNNAN,1461649513,Next CMSSW_8_0_X
1459857303,1460622224,13933,1,7,1,5,drankincms,NNNNNANNNNNNNNNAN,1460622225,Next CMSSW_8_0_X
1459857447,1459858655,13934,1,4,1,6,Dr15Jones,NPNNNNNNNNNNNRNPN,1459858655,Next CMSSW_8_1_X
1459857829,1461664310,13935,1,14,1,5,olivito,NNNNNANNNNNNNNNAN,1461664311,Next CMSSW_8_1_X
1459858407,1460618158,13936,0,9,1,2,Dr15Jones,NNNNNNANNNNNNNNNN,1460618158,-
1459858715,1460622639,13937,1,11,1,6,Dr15Jones,NPNNNNNNNNNNNANAN,1460622639,Next CMSSW_8_0_X
1459864662,1460100268,13938,0,66,1,7,davidlange6,NNNNNNNNNNNNNNNNN,1460100776,-
1459871891,1459875026,13939,1,2,1,5,mdhildreth,NNNNNNNNNNNPNNNPN,1459875026,Next CMSSW_8_1_X
1459872857,1460721988,13940,1,2,1,5,mdhildreth,NNNNNNNNNNNPNNNPN,1460721988,Next CMSSW_8_0_X
1459874175,1459875007,13941,1,1,1,5,davidlange6,NNNNNNNNNNNNPNNPN,1459875008,Next CMSSW_8_1_X
1459876282,1459934883,13942,1,6,1,5,alja,NNNNNNNNNNNNNNNAA,1459934884,Next CMSSW_8_0_X
1459886879,1461305605,13943,1,9,1,5,barvic,NNNNNANNNNNNNNNAN,1461305605,Next CMSSW_8_0_X
1459887134,1461084129,13944,1,8,1,5,barvic,NNNNNANNNNNNNNNAN,1461088392,Next CMSSW_8_1_X
1459918429,1460134408,13945,1,39,1,8,slava77,PNNNNANNNNNPNANAN,1460317262,Next CMSSW_8_0_X
1459925395,1460055194,13946,1,8,1,5,vanbesien,NNNNNANNNNNNNNNAN,1460055194,Next CMSSW_8_0_X
1459925397,1459944035,13947,1,7,1,5,vanbesien,NNNNNANNNNNNNNNAN,1459944035,Next CMSSW_8_1_X
1459925470,1460527323,13948,1,12,1,6,jeongeun,ANNNNNNNNNNNNANAN,1460527324,Next CMSSW_8_1_X
1459929719,1460620686,13949,1,12,1,6,kirschen,NPPNNNNNNNNNNNNAN,1460620686,Next CMSSW_8_1_X
1459929747,1459929883,13950,1,2,1,6,kirschen,NPPNNNNNNNNNNNNPN,1459933579,Next CMSSW_8_1_X
